{"stats":{"minecraft:mined":{"minecraft:short_grass":1,"minecraft:poppy":7,"minecraft:player_head":1},"minecraft:dropped":{"minecraft:iron_ingot":101,"minecraft:netherite_sword":1,"minecraft:iron_helmet":4,"minecraft:poppy":24},"minecraft:custom":{"minecraft:mob_kills":20,"minecraft:interact_with_anvil":16,"minecraft:inspect_hopper":278,"minecraft:leave_game":55,"minecraft:time_since_death":472761,"minecraft:sleep_in_bed":14,"minecraft:climb_one_cm":11628,"minecraft:damage_resisted":6,"minecraft:time_since_rest":97407,"minecraft:sprint_one_cm":203841,"minecraft:walk_one_cm":441983,"minecraft:damage_taken":508,"minecraft:damage_absorbed":24,"minecraft:drop":27,"minecraft:damage_dealt":4080,"minecraft:interact_with_beacon":16,"minecraft:swim_one_cm":6672,"minecraft:talked_to_villager":2,"minecraft:fly_one_cm":2104537,"minecraft:open_chest":517,"minecraft:crouch_one_cm":125775,"minecraft:play_time":472761,"minecraft:sneak_time":51613,"minecraft:walk_under_water_one_cm":1467,"minecraft:jump":2221,"minecraft:walk_on_water_one_cm":8745,"minecraft:total_world_time":470157,"minecraft:fall_one_cm":10086},"minecraft:killed":{"minecraft:spider":2,"minecraft:iron_golem":4,"minecraft:creeper":5,"minecraft:sheep":1,"minecraft:skeleton":4,"minecraft:zombie":3},"minecraft:used":{"minecraft:orange_dye":5,"minecraft:light_blue_stained_glass_pane":1,"minecraft:moss_carpet":9,"minecraft:cherry_sapling":5,"minecraft:water_bucket":6,"minecraft:netherite_sword":58,"minecraft:jungle_leaves":163,"minecraft:writable_book":1,"minecraft:jigsaw":3,"minecraft:flint_and_steel":5,"minecraft:poppy":2,"minecraft:dark_oak_sign":1,"minecraft:birch_planks":3,"minecraft:bamboo_sign":1,"minecraft:red_concrete":40,"minecraft:polished_andesite":44,"minecraft:redstone":2,"minecraft:lime_wool":4,"minecraft:ladder":35,"minecraft:oak_sign":46,"minecraft:blue_wool":4,"minecraft:chest":64,"minecraft:redstone_block":15,"minecraft:stone":122,"minecraft:iron_sword":4,"minecraft:composter":35,"minecraft:white_dye":3,"minecraft:warped_sign":8,"minecraft:beacon":1,"minecraft:blue_bed":2,"minecraft:sheep_spawn_egg":1,"minecraft:glow_ink_sac":33,"minecraft:player_head":33,"minecraft:structure_block":10,"minecraft:debug_stick":50,"minecraft:cut_copper_stairs":12,"minecraft:torch":34,"minecraft:golden_apple":2,"minecraft:bamboo_stairs":19,"minecraft:anvil":12,"minecraft:blue_dye":3,"minecraft:lime_stained_glass_pane":5,"minecraft:rail":46,"minecraft:vine":17,"minecraft:light_blue_dye":2,"minecraft:lime_bed":3,"minecraft:hopper":124,"minecraft:red_bed":4,"minecraft:stone_brick_wall":42,"minecraft:black_bed":2,"minecraft:ochre_froglight":3,"minecraft:orange_wool":14,"minecraft:white_bed":2,"minecraft:painting":3,"minecraft:pink_dye":1,"minecraft:cyan_wool":5,"minecraft:spruce_fence":15,"minecraft:small_amethyst_bud":1,"minecraft:oak_log":27,"minecraft:redstone_torch":2,"minecraft:light_blue_candle":4,"minecraft:amethyst_cluster":2,"minecraft:netherite_block":166,"minecraft:piston":2,"minecraft:yellow_dye":4,"minecraft:light":319,"minecraft:flowering_azalea":3,"minecraft:lava_bucket":2,"minecraft:netherite_shovel":38,"minecraft:grass_block":560,"minecraft:red_tulip":1,"minecraft:lantern":22,"minecraft:acacia_sign":4,"minecraft:command_block":14,"minecraft:lime_carpet":5,"minecraft:zombie_head":2,"minecraft:iron_block":86,"minecraft:iron_axe":5,"minecraft:blue_orchid":1,"minecraft:bread":7,"minecraft:oak_button":2,"minecraft:barrier":7,"minecraft:bamboo_hanging_sign":1,"minecraft:verdant_froglight":31,"minecraft:spore_blossom":10,"minecraft:red_candle":2,"minecraft:spruce_trapdoor":46,"minecraft:cherry_sign":2,"minecraft:cherry_leaves":131,"minecraft:lime_dye":2,"minecraft:flowering_azalea_leaves":113,"minecraft:stone_bricks":22,"minecraft:yellow_wool":112,"minecraft:soul_lantern":10,"minecraft:item_frame":18,"minecraft:crimson_sign":15,"minecraft:green_carpet":2,"minecraft:pink_bed":1,"minecraft:birch_button":3,"minecraft:red_stained_glass_pane":3,"minecraft:repeater":4,"minecraft:red_carpet":4,"minecraft:brown_carpet":2,"minecraft:bow":45,"minecraft:cherry_stairs":5,"minecraft:hay_block":2,"minecraft:written_book":34,"minecraft:purple_bed":2,"minecraft:medium_amethyst_bud":1,"minecraft:white_stained_glass_pane":1,"minecraft:podzol":15,"minecraft:gray_bed":1,"minecraft:white_stained_glass":69,"minecraft:skeleton_skull":1,"minecraft:pearlescent_froglight":32,"minecraft:red_dye":10,"minecraft:cherry_fence":2,"minecraft:orange_stained_glass_pane":2,"minecraft:magenta_dye":6,"minecraft:enchanted_golden_apple":3,"minecraft:bone_meal":43,"minecraft:brown_bed":1,"minecraft:lime_candle":3},"minecraft:picked_up":{"minecraft:ladder":12,"minecraft:birch_button":1,"minecraft:gunpowder":2,"minecraft:lantern":1,"minecraft:bone":3,"minecraft:oak_sign":2,"minecraft:kelp":1,"minecraft:bow":1,"minecraft:wheat_seeds":1,"minecraft:netherite_sword":1,"minecraft:spore_blossom":1,"minecraft:iron_ingot":1898,"minecraft:acacia_sign":1,"minecraft:player_head":1,"minecraft:poppy":361,"minecraft:crimson_sign":1,"minecraft:torch":1,"minecraft:arrow":3,"minecraft:rotten_flesh":3,"minecraft:diamond":1,"minecraft:iron_helmet":8,"minecraft:bone_meal":14,"minecraft:warped_sign":3,"minecraft:oak_button":1,"minecraft:rail":19,"minecraft:white_wool":1}},"DataVersion":3700}